{"text": " \u041d\u0435 \u0437\u043d\u0430\u043b\u0430. \u0411\u0435\u0437 \u043a\u0430\u043a\u043e\u0439 \u0431\u044b \u0442\u044b \u043d\u0438 \u0431\u044b\u043b\u043e \u0432 \u043f\u0440\u0435\u0434\u0432\u0430\u0440\u0438\u0442\u0435\u043b\u044c\u043d\u043e\u0439 \u043c\u0435\u0434\u0438\u0439\u043d\u043e\u0441\u0442\u0438, \u0431\u0435\u0437 \u0431\u0438\u043e\u0433\u0440\u0430\u0444\u0438\u0438, \u0431\u0435\u0437 \u043d\u0438\u0447\u0435\u0433\u043e, \u043f\u0440\u043e\u0441\u0442\u043e \u043b\u0435\u0432\u043e.", "segments": [{"id": 0, "seek": 0, "start": 0.0, "end": 8.0, "text": " \u041d\u0435 \u0437\u043d\u0430\u043b\u0430. \u0411\u0435\u0437 \u043a\u0430\u043a\u043e\u0439 \u0431\u044b \u0442\u044b \u043d\u0438 \u0431\u044b\u043b\u043e \u0432 \u043f\u0440\u0435\u0434\u0432\u0430\u0440\u0438\u0442\u0435\u043b\u044c\u043d\u043e\u0439 \u043c\u0435\u0434\u0438\u0439\u043d\u043e\u0441\u0442\u0438, \u0431\u0435\u0437 \u0431\u0438\u043e\u0433\u0440\u0430\u0444\u0438\u0438, \u0431\u0435\u0437 \u043d\u0438\u0447\u0435\u0433\u043e, \u043f\u0440\u043e\u0441\u0442\u043e \u043b\u0435\u0432\u043e.", "tokens": [50364, 11512, 15309, 6232, 13, 5697, 3634, 16898, 2768, 5991, 13686, 8060, 740, 8048, 21291, 7809, 5007, 24465, 6251, 13975, 11, 10969, 47334, 29046, 7347, 11, 10969, 16630, 11, 8221, 2344, 3515, 354, 13, 50764], "temperature": 0.0, "avg_logprob": -0.5042305522494845, "compression_ratio": 1.4682539682539681, "no_speech_prob": 0.4188760817050934}], "language": "ru"}